{"cameraMode":{"drawMode":0,"name":"Shaded","section":"Shading Mode"},"sceneLighting":false,"audioPlay":false,"sceneViewState":{"showFog":true,"showMaterialUpdate":false,"showSkybox":false,"showFlares":true,"showImageEffects":true,"showParticleSystems":true},"in2DMode":false,"pivot":{"x":-0.14455777406692506,"y":1.1238459348678589,"z":-0.09457385540008545},"rotation":{"x":0.15853622555732728,"y":0.6849761605262756,"z":0.15655125677585603,"w":-0.6936627626419067},"size":2.3499066829681398,"orthographic":false}