{"cameraMode":{"drawMode":0,"name":"Shaded","section":"Shading Mode"},"sceneLighting":false,"audioPlay":false,"sceneViewState":{"showFog":true,"showMaterialUpdate":false,"showSkybox":false,"showFlares":true,"showImageEffects":true,"showParticleSystems":true},"in2DMode":false,"pivot":{"x":0.006512045860290527,"y":0.8045101165771484,"z":0.0345725417137146},"rotation":{"x":0.15853622555732728,"y":0.6849761605262756,"z":0.15655125677585603,"w":-0.6936627626419067},"size":1.4083845615386963,"orthographic":false}