{"cameraMode":{"drawMode":0,"name":"Shaded","section":"Shading Mode"},"sceneLighting":false,"audioPlay":false,"sceneViewState":{"showFog":true,"showMaterialUpdate":false,"showSkybox":false,"showFlares":true,"showImageEffects":true,"showParticleSystems":true},"in2DMode":false,"pivot":{"x":-0.44656991958618166,"y":0.2021549940109253,"z":-0.44077587127685549},"rotation":{"x":0.15853622555732728,"y":0.6849761605262756,"z":0.15655125677585603,"w":-0.6936627626419067},"size":6.992626667022705,"orthographic":false}