{"cameraMode":{"drawMode":0,"name":"Shaded","section":"Shading Mode"},"sceneLighting":false,"audioPlay":false,"sceneViewState":{"showFog":true,"showMaterialUpdate":false,"showSkybox":false,"showFlares":true,"showImageEffects":true,"showParticleSystems":true},"in2DMode":false,"pivot":{"x":0.15882492065429688,"y":-0.3423452377319336,"z":0.5043601989746094},"rotation":{"x":0.15853622555732728,"y":0.6849761605262756,"z":0.15655125677585603,"w":-0.6936627626419067},"size":14.52031135559082,"orthographic":false}