{"cameraMode":{"drawMode":0,"name":"Shaded","section":"Shading Mode"},"sceneLighting":false,"audioPlay":false,"sceneViewState":{"showFog":true,"showMaterialUpdate":false,"showSkybox":false,"showFlares":true,"showImageEffects":true,"showParticleSystems":true},"in2DMode":false,"pivot":{"x":-6.734836578369141,"y":15.477560997009278,"z":-38.138240814208987},"rotation":{"x":-0.18309804797172547,"y":-0.0833575427532196,"z":0.01558088418096304,"w":-0.979433536529541},"size":0.000017320508050033823,"orthographic":false}