{"cameraMode":{"drawMode":0,"name":"Shaded","section":"Shading Mode"},"sceneLighting":false,"audioPlay":false,"sceneViewState":{"showFog":true,"showMaterialUpdate":false,"showSkybox":false,"showFlares":true,"showImageEffects":true,"showParticleSystems":true},"in2DMode":false,"pivot":{"x":16.149892807006837,"y":2.0123097896575929,"z":46.018470764160159},"rotation":{"x":-0.32756316661834719,"y":-0.3302467167377472,"z":-0.8765960335731506,"w":0.12339744716882706},"size":0.000017320508050033823,"orthographic":true}