{"cameraMode":{"drawMode":0,"name":"Shaded","section":"Shading Mode"},"sceneLighting":false,"audioPlay":false,"sceneViewState":{"showFog":true,"showMaterialUpdate":false,"showSkybox":false,"showFlares":true,"showImageEffects":true,"showParticleSystems":true},"in2DMode":false,"pivot":{"x":5.0458807945251469,"y":2.661773920059204,"z":5.596131324768066},"rotation":{"x":-0.07989128679037094,"y":0.9102705717086792,"z":-0.20863516628742219,"w":-0.34856370091438296},"size":0.000022555805117008276,"orthographic":false}