{"cameraMode":{"drawMode":0,"name":"Shaded","section":"Shading Mode"},"sceneLighting":false,"audioPlay":false,"sceneViewState":{"showFog":true,"showMaterialUpdate":false,"showSkybox":false,"showFlares":true,"showImageEffects":true,"showParticleSystems":true},"in2DMode":false,"pivot":{"x":24.93140983581543,"y":-12.374125480651856,"z":-2.5730667114257814},"rotation":{"x":0.15853622555732728,"y":0.6849761605262756,"z":0.15655125677585603,"w":-0.6936627626419067},"size":0.000017320508050033823,"orthographic":false}